record_id,name,city,state,address,website,phone,latitude,longitude,category,action,canonical_id,duplicate_group,reason
531bc3a2-b142-4b25-8a58-95ccd5f76333,Shiloh Baptist Church DC,Washington,DC,1500 9th St NW,https://shilohbaptist.org,,38.909700,-77.022600,Faith & Spirituality,KEEP_CANONICAL,531bc3a2-b142-4b25-8a58-95ccd5f76333,0c049dbe-65cc-4005-ae1d-f2bce2ec793e,"same normalized name and coordinates/address, including high-similarity name variants at same address"
b64ebade-3908-48f4-b64f-c997f95b2e8d,Shiloh Baptist Church (DC),Washington,DC,1500 9th St NW,https://shilohbaptist.org,,38.909900,-77.022200,Faith & Spirituality,REMOVE_DUPLICATE_AUTO,531bc3a2-b142-4b25-8a58-95ccd5f76333,0c049dbe-65cc-4005-ae1d-f2bce2ec793e,"same normalized name and coordinates/address, including high-similarity name variants at same address"
0c049dbe-65cc-4005-ae1d-f2bce2ec793e,Shiloh Baptist Church,Washington,DC,1500 9th St NW,,,38.909900,-77.022200,Faith & Spirituality,REMOVE_DUPLICATE_AUTO,531bc3a2-b142-4b25-8a58-95ccd5f76333,0c049dbe-65cc-4005-ae1d-f2bce2ec793e,"same normalized name and coordinates/address, including high-similarity name variants at same address"
16f4ea6a-8398-4c7d-b064-ce013e8e8588,"Greater Allen A.M.E. Cathedral (Jamaica, Queens)",Jamaica,NY,110-31 Merrick Blvd,https://greaterallencathedral.org,,40.700600,-73.798800,Faith & Spirituality,KEEP_CANONICAL,16f4ea6a-8398-4c7d-b064-ce013e8e8588,16f4ea6a-8398-4c7d-b064-ce013e8e8588,"same normalized name and coordinates/address, including high-similarity name variants at same address"
bd6991b8-50ad-41b5-b84d-02aa8b2ed474,"Greater Allen AME Cathedral (Jamaica, Queens)",Jamaica,NY,110-31 Merrick Blvd,https://greaterallencathedral.org,,40.700600,-73.798800,Faith & Spirituality,REMOVE_DUPLICATE_AUTO,16f4ea6a-8398-4c7d-b064-ce013e8e8588,16f4ea6a-8398-4c7d-b064-ce013e8e8588,"same normalized name and coordinates/address, including high-similarity name variants at same address"
2741dbd9-dacc-4495-8290-e0cf69a8151d,CARECEN — Central American Resource Center,Washington,DC,1460 Columbia Rd NW,https://www.carecendc.org,,38.929700,-77.039600,Legal,KEEP_CANONICAL,2741dbd9-dacc-4495-8290-e0cf69a8151d,2741dbd9-dacc-4495-8290-e0cf69a8151d,"same normalized name and coordinates/address, including high-similarity name variants at same address"
52ae0d76-dfac-4510-8dbb-bb5c983d9417,CARECEN DC (Central American Resource Center),Washington,DC,1460 Columbia Rd NW,https://carecendc.org,,38.924400,-77.037400,Community Organizations,REMOVE_DUPLICATE_AUTO,2741dbd9-dacc-4495-8290-e0cf69a8151d,2741dbd9-dacc-4495-8290-e0cf69a8151d,"same normalized name and coordinates/address, including high-similarity name variants at same address"
34de569d-c58b-42fe-95ce-bb103bd157e4,National Center for Civil and Human Rights,Atlanta,GA,100 Ivan Allen Jr Blvd NW,https://civilandhumanrights.org,,33.760400,-84.394400,Arts & Culture,KEEP_CANONICAL,34de569d-c58b-42fe-95ce-bb103bd157e4,34de569d-c58b-42fe-95ce-bb103bd157e4,"same normalized name and coordinates/address, including high-similarity name variants at same address"
ea9e99a7-fe1d-4b39-9e2e-6c839dd433ce,National Center for Civil and Human Rights — Atlanta,Atlanta,GA,100 Ivan Allen Jr Blvd NW,,,33.760800,-84.394000,Arts & Culture,REMOVE_DUPLICATE_AUTO,34de569d-c58b-42fe-95ce-bb103bd157e4,34de569d-c58b-42fe-95ce-bb103bd157e4,"same normalized name and coordinates/address, including high-similarity name variants at same address"
3ab5ae6d-3c62-4482-b303-f040eb63a7b4,Ethiopian Orthodox Tewahedo Church (NYC),Bronx,NY,2028 Barnes Ave,,,40.863700,-73.870600,Faith & Spirituality,KEEP_CANONICAL,3ab5ae6d-3c62-4482-b303-f040eb63a7b4,3bc5cd51-fc8d-411b-bd2f-1f4550869f5b,"same normalized name and coordinates/address, including high-similarity name variants at same address"
3bc5cd51-fc8d-411b-bd2f-1f4550869f5b,Ethiopian Orthodox Tewahedo Church (Bronx),Bronx,NY,2028 Barnes Ave,,,40.863700,-73.870600,Faith & Spirituality,REMOVE_DUPLICATE_AUTO,3ab5ae6d-3c62-4482-b303-f040eb63a7b4,3bc5cd51-fc8d-411b-bd2f-1f4550869f5b,"same normalized name and coordinates/address, including high-similarity name variants at same address"
3f4fb4d6-f316-423c-aa5e-4d6ec0959adb,People's Community Clinic — Austin,Austin,TX,1101 Camino La Costa,https://www.austinpcc.org,,30.320000,-97.714000,Health & Wellness,KEEP_CANONICAL,3f4fb4d6-f316-423c-aa5e-4d6ec0959adb,3f4fb4d6-f316-423c-aa5e-4d6ec0959adb,"same normalized name and coordinates/address, including high-similarity name variants at same address"
a0d1a36d-1b8b-4899-808a-90b3e43f92c1,People's Community Clinic Austin,Austin,TX,1101 Camino La Costa,https://austinpcc.org,,30.317400,-97.714600,Health & Wellness,REMOVE_DUPLICATE_AUTO,3f4fb4d6-f316-423c-aa5e-4d6ec0959adb,3f4fb4d6-f316-423c-aa5e-4d6ec0959adb,"same normalized name and coordinates/address, including high-similarity name variants at same address"
39fa282e-d634-415a-a782-313f7475a3b2,Simply Wholesome,Los Angeles,CA,4508 W Slauson Ave,,,33.989500,-118.334800,Food,KEEP_CANONICAL,39fa282e-d634-415a-a782-313f7475a3b2,5cb738c1-4663-4b0a-a428-0cfaa5b5c093,"same normalized name and coordinates/address, including high-similarity name variants at same address"
5cb738c1-4663-4b0a-a428-0cfaa5b5c093,Simply Wholesome,Los Angeles,CA,4508 W Slauson Ave,,,33.989800,-118.349300,Health & Wellness,REMOVE_DUPLICATE_AUTO,39fa282e-d634-415a-a782-313f7475a3b2,5cb738c1-4663-4b0a-a428-0cfaa5b5c093,"same normalized name and coordinates/address, including high-similarity name variants at same address"
697dfcaf-daf9-46ed-8d62-647c0c9ccd76,Masjid Al-Jamia Philadelphia,Philadelphia,PA,4228 Walnut St,https://masjidaljamia.org,,39.952800,-75.219300,Faith & Spirituality,KEEP_CANONICAL,697dfcaf-daf9-46ed-8d62-647c0c9ccd76,665313ea-4406-433a-a187-ca88a0eceffe,"same normalized name and coordinates/address, including high-similarity name variants at same address"
665313ea-4406-433a-a187-ca88a0eceffe,Masjid Al-Jamia (Philadelphia),Philadelphia,PA,4228 Walnut St,,,39.952400,-75.212600,Faith & Spirituality,REMOVE_DUPLICATE_AUTO,697dfcaf-daf9-46ed-8d62-647c0c9ccd76,665313ea-4406-433a-a187-ca88a0eceffe,"same normalized name and coordinates/address, including high-similarity name variants at same address"
79368b78-162e-4d86-adde-6156f07e42bc,DuSable Black History Museum and Education Center,Chicago,IL,740 E 56th Pl,https://dusablemuseum.org,,41.793000,-87.587300,Arts & Culture,KEEP_CANONICAL,79368b78-162e-4d86-adde-6156f07e42bc,79368b78-162e-4d86-adde-6156f07e42bc,"same normalized name and coordinates/address, including high-similarity name variants at same address"
a22cd6c8-c548-4433-8408-527f938ce3fc,DuSable Black History Museum & Education Center,Chicago,IL,740 E 56th Pl,,,41.795200,-87.607100,Arts & Culture,REMOVE_DUPLICATE_AUTO,79368b78-162e-4d86-adde-6156f07e42bc,79368b78-162e-4d86-adde-6156f07e42bc,"same normalized name and coordinates/address, including high-similarity name variants at same address"
96a162a9-8a75-46f7-99f7-d0b54bb9d69a,APEX Museum (African American Panoramic Experience),Atlanta,GA,135 Auburn Ave NE,https://apexmuseum.org,,33.751900,-84.380000,Arts & Culture,KEEP_CANONICAL,96a162a9-8a75-46f7-99f7-d0b54bb9d69a,96a162a9-8a75-46f7-99f7-d0b54bb9d69a,"same normalized name and coordinates/address, including high-similarity name variants at same address"
3b5d5181-5304-4143-bb7a-7a8468a39674,APEX Museum — African American Panoramic Experience,Atlanta,GA,135 Auburn Ave NE,,,33.753500,-84.376300,Arts & Culture,REMOVE_DUPLICATE_AUTO,96a162a9-8a75-46f7-99f7-d0b54bb9d69a,96a162a9-8a75-46f7-99f7-d0b54bb9d69a,"same normalized name and coordinates/address, including high-similarity name variants at same address"
9e3d9475-8886-4185-b10e-66d8c3c4b90e,Harold & Belle's Restaurant,Los Angeles,CA,2920 W Jefferson Blvd,,,33.998800,-118.307400,Food,KEEP_CANONICAL,9e3d9475-8886-4185-b10e-66d8c3c4b90e,9e3d9475-8886-4185-b10e-66d8c3c4b90e,"same normalized name and coordinates/address, including high-similarity name variants at same address"
c19a012f-1718-4612-af3b-261eaa93b6d7,Harold & Belle's Restaurant,Los Angeles,CA,2920 W Jefferson Blvd,,,34.014000,-118.328200,Food,REMOVE_DUPLICATE_AUTO,9e3d9475-8886-4185-b10e-66d8c3c4b90e,9e3d9475-8886-4185-b10e-66d8c3c4b90e,"same normalized name and coordinates/address, including high-similarity name variants at same address"
9fe78afa-f490-4e46-81b0-15757e882570,Legacy Museum — Equal Justice Initiative,Montgomery,AL,115 Coosa St,https://museumandmemorial.eji.org,,32.377100,-86.308500,Arts & Culture,KEEP_CANONICAL,9fe78afa-f490-4e46-81b0-15757e882570,9fe78afa-f490-4e46-81b0-15757e882570,"same normalized name and coordinates/address, including high-similarity name variants at same address"
c8e47b91-a13d-42f2-bb03-15b1f2f2c5c0,The Legacy Museum — Equal Justice Initiative,Montgomery,AL,115 Coosa St,,,32.371200,-86.301600,Arts & Culture,REMOVE_DUPLICATE_AUTO,9fe78afa-f490-4e46-81b0-15757e882570,9fe78afa-f490-4e46-81b0-15757e882570,"same normalized name and coordinates/address, including high-similarity name variants at same address"
a14acf1e-9db8-47a9-bace-f71123088dea,First Baptist Church Montgomery,Montgomery,AL,347 N Ripley St,,,32.379900,-86.296100,Faith & Spirituality,KEEP_CANONICAL,a14acf1e-9db8-47a9-bace-f71123088dea,a14acf1e-9db8-47a9-bace-f71123088dea,"same normalized name and coordinates/address, including high-similarity name variants at same address"
c6191fa7-381a-474d-af0b-66d84fb8c1ec,First Baptist Church of Montgomery,Montgomery,AL,347 N Ripley St,,,32.378500,-86.305200,Faith & Spirituality,REMOVE_DUPLICATE_AUTO,a14acf1e-9db8-47a9-bace-f71123088dea,a14acf1e-9db8-47a9-bace-f71123088dea,"same normalized name and coordinates/address, including high-similarity name variants at same address"
056404ec-1890-4bbd-aa1c-3e293c80ad92,Duke's Cafe,Horsham,PA,"Horsham, PA 19044",,,40.143400,-75.115700,Food,KEEP_CANONICAL,056404ec-1890-4bbd-aa1c-3e293c80ad92,c6a0c982-ec7b-4b8a-8b63-f8ed347c0dcb,"same normalized name and coordinates/address, including high-similarity name variants at same address"
0bcc34de-0054-4a70-bf87-866c94494268,Duke's Cafe,Horsham,PA,"Horsham, PA 19044",,,40.143400,-75.115700,Food,REMOVE_DUPLICATE_AUTO,056404ec-1890-4bbd-aa1c-3e293c80ad92,c6a0c982-ec7b-4b8a-8b63-f8ed347c0dcb,"same normalized name and coordinates/address, including high-similarity name variants at same address"
0d499d4f-1124-483a-bcd3-df12f928209b,Duke's Cafe,Horsham,PA,"Horsham, PA 19044",,,40.143400,-75.115700,Food,REMOVE_DUPLICATE_AUTO,056404ec-1890-4bbd-aa1c-3e293c80ad92,c6a0c982-ec7b-4b8a-8b63-f8ed347c0dcb,"same normalized name and coordinates/address, including high-similarity name variants at same address"
0d52dc86-9d71-46bb-8320-02ae4a0f92df,Duke's Cafe,Horsham,PA,"Horsham, PA 19044",,,40.143400,-75.115700,Food,REMOVE_DUPLICATE_AUTO,056404ec-1890-4bbd-aa1c-3e293c80ad92,c6a0c982-ec7b-4b8a-8b63-f8ed347c0dcb,"same normalized name and coordinates/address, including high-similarity name variants at same address"
1027fde7-ecbd-48ca-94aa-a32190203fd2,Duke's Cafe,Horsham,PA,"Horsham, PA 19044",,,40.143400,-75.115700,Food,REMOVE_DUPLICATE_AUTO,056404ec-1890-4bbd-aa1c-3e293c80ad92,c6a0c982-ec7b-4b8a-8b63-f8ed347c0dcb,"same normalized name and coordinates/address, including high-similarity name variants at same address"
1292c8c1-d187-43d4-b1fa-4d1ff12faa88,Duke's Cafe,Horsham,PA,"Horsham, PA 19044",,,40.143400,-75.115700,Food,REMOVE_DUPLICATE_AUTO,056404ec-1890-4bbd-aa1c-3e293c80ad92,c6a0c982-ec7b-4b8a-8b63-f8ed347c0dcb,"same normalized name and coordinates/address, including high-similarity name variants at same address"
15c2af8e-3266-4baa-b8d1-bae0a3d849c7,Duke's Cafe,Horsham,PA,"Horsham, PA 19044",,,40.143400,-75.115700,Food,REMOVE_DUPLICATE_AUTO,056404ec-1890-4bbd-aa1c-3e293c80ad92,c6a0c982-ec7b-4b8a-8b63-f8ed347c0dcb,"same normalized name and coordinates/address, including high-similarity name variants at same address"
16d9a0b7-e8e6-48b9-909d-ca671ac0de13,Duke's Cafe,Horsham,PA,"Horsham, PA 19044",,,40.143400,-75.115700,Food,REMOVE_DUPLICATE_AUTO,056404ec-1890-4bbd-aa1c-3e293c80ad92,c6a0c982-ec7b-4b8a-8b63-f8ed347c0dcb,"same normalized name and coordinates/address, including high-similarity name variants at same address"
1770e14c-2755-41d5-b7dd-5f2a748fbe99,Duke's Cafe,Horsham,PA,"Horsham, PA 19044",,,40.143400,-75.115700,Food,REMOVE_DUPLICATE_AUTO,056404ec-1890-4bbd-aa1c-3e293c80ad92,c6a0c982-ec7b-4b8a-8b63-f8ed347c0dcb,"same normalized name and coordinates/address, including high-similarity name variants at same address"
17db7cf5-166b-4fd8-8f2e-1f7a2e18afb4,Duke's Cafe,Horsham,PA,"Horsham, PA 19044",,,40.143400,-75.115700,Food,REMOVE_DUPLICATE_AUTO,056404ec-1890-4bbd-aa1c-3e293c80ad92,c6a0c982-ec7b-4b8a-8b63-f8ed347c0dcb,"same normalized name and coordinates/address, including high-similarity name variants at same address"
186c38c9-fdf8-4b48-88b6-ff8d961fd1a8,Duke's Cafe,Horsham,PA,"Horsham, PA 19044",,,40.143400,-75.115700,Food,REMOVE_DUPLICATE_AUTO,056404ec-1890-4bbd-aa1c-3e293c80ad92,c6a0c982-ec7b-4b8a-8b63-f8ed347c0dcb,"same normalized name and coordinates/address, including high-similarity name variants at same address"
1a794263-8efe-4811-a1dc-cc84e8d3272d,Duke's Cafe,Horsham,PA,"Horsham, PA 19044",,,40.143400,-75.115700,Food,REMOVE_DUPLICATE_AUTO,056404ec-1890-4bbd-aa1c-3e293c80ad92,c6a0c982-ec7b-4b8a-8b63-f8ed347c0dcb,"same normalized name and coordinates/address, including high-similarity name variants at same address"
218bdd9f-3efe-4c90-893e-d47aba317a90,Duke's Cafe,Horsham,PA,"Horsham, PA 19044",,,40.143400,-75.115700,Food,REMOVE_DUPLICATE_AUTO,056404ec-1890-4bbd-aa1c-3e293c80ad92,c6a0c982-ec7b-4b8a-8b63-f8ed347c0dcb,"same normalized name and coordinates/address, including high-similarity name variants at same address"
21ba6ea4-3214-4573-b03a-0667e5740788,Duke's Cafe,Horsham,PA,"Horsham, PA 19044",,,40.143400,-75.115700,Food,REMOVE_DUPLICATE_AUTO,056404ec-1890-4bbd-aa1c-3e293c80ad92,c6a0c982-ec7b-4b8a-8b63-f8ed347c0dcb,"same normalized name and coordinates/address, including high-similarity name variants at same address"
240769e6-8fd0-4488-92f8-a4f78e8678c0,Duke's Cafe,Horsham,PA,"Horsham, PA 19044",,,40.143400,-75.115700,Food,REMOVE_DUPLICATE_AUTO,056404ec-1890-4bbd-aa1c-3e293c80ad92,c6a0c982-ec7b-4b8a-8b63-f8ed347c0dcb,"same normalized name and coordinates/address, including high-similarity name variants at same address"
29fe7134-deda-4521-9ce6-3856589d1880,Duke's Cafe,Horsham,PA,"Horsham, PA 19044",,,40.143400,-75.115700,Food,REMOVE_DUPLICATE_AUTO,056404ec-1890-4bbd-aa1c-3e293c80ad92,c6a0c982-ec7b-4b8a-8b63-f8ed347c0dcb,"same normalized name and coordinates/address, including high-similarity name variants at same address"
2ad16616-9459-4e2b-b7c4-ab889c703d00,Duke's Cafe,Horsham,PA,"Horsham, PA 19044",,,40.143400,-75.115700,Food,REMOVE_DUPLICATE_AUTO,056404ec-1890-4bbd-aa1c-3e293c80ad92,c6a0c982-ec7b-4b8a-8b63-f8ed347c0dcb,"same normalized name and coordinates/address, including high-similarity name variants at same address"
2ec6971a-5df9-4934-af1d-4321e5c16ebb,Duke's Cafe,Horsham,PA,"Horsham, PA 19044",,,40.143400,-75.115700,Food,REMOVE_DUPLICATE_AUTO,056404ec-1890-4bbd-aa1c-3e293c80ad92,c6a0c982-ec7b-4b8a-8b63-f8ed347c0dcb,"same normalized name and coordinates/address, including high-similarity name variants at same address"
2ff30471-54c8-4d75-ad19-6b0012d970e9,Duke's Cafe,Horsham,PA,"Horsham, PA 19044",,,40.143400,-75.115700,Food,REMOVE_DUPLICATE_AUTO,056404ec-1890-4bbd-aa1c-3e293c80ad92,c6a0c982-ec7b-4b8a-8b63-f8ed347c0dcb,"same normalized name and coordinates/address, including high-similarity name variants at same address"
3349ce5b-a55e-4929-addd-98ebe69ef05b,Duke's Cafe,Horsham,PA,"Horsham, PA 19044",,,40.143400,-75.115700,Food,REMOVE_DUPLICATE_AUTO,056404ec-1890-4bbd-aa1c-3e293c80ad92,c6a0c982-ec7b-4b8a-8b63-f8ed347c0dcb,"same normalized name and coordinates/address, including high-similarity name variants at same address"
33cd25c7-72fd-4ed6-a61e-766e7a008aee,Duke's Cafe,Horsham,PA,"Horsham, PA 19044",,,40.143400,-75.115700,Food,REMOVE_DUPLICATE_AUTO,056404ec-1890-4bbd-aa1c-3e293c80ad92,c6a0c982-ec7b-4b8a-8b63-f8ed347c0dcb,"same normalized name and coordinates/address, including high-similarity name variants at same address"
397c348d-abb5-4d22-a5a3-095c66593d79,Duke's Cafe,Horsham,PA,"Horsham, PA 19044",,,40.143400,-75.115700,Food,REMOVE_DUPLICATE_AUTO,056404ec-1890-4bbd-aa1c-3e293c80ad92,c6a0c982-ec7b-4b8a-8b63-f8ed347c0dcb,"same normalized name and coordinates/address, including high-similarity name variants at same address"
3b74f9c0-02e1-4fac-8468-4ee806dd0b9d,Duke's Cafe,Horsham,PA,"Horsham, PA 19044",,,40.143400,-75.115700,Food,REMOVE_DUPLICATE_AUTO,056404ec-1890-4bbd-aa1c-3e293c80ad92,c6a0c982-ec7b-4b8a-8b63-f8ed347c0dcb,"same normalized name and coordinates/address, including high-similarity name variants at same address"
3d2a68b6-b974-493f-8acd-76b9e3c2117f,Duke's Cafe,Horsham,PA,"Horsham, PA 19044",,,40.143400,-75.115700,Food,REMOVE_DUPLICATE_AUTO,056404ec-1890-4bbd-aa1c-3e293c80ad92,c6a0c982-ec7b-4b8a-8b63-f8ed347c0dcb,"same normalized name and coordinates/address, including high-similarity name variants at same address"
3e1b41b1-47cd-4bb1-8ce1-4dbba455315b,Duke's Cafe,Horsham,PA,"Horsham, PA 19044",,,40.143400,-75.115700,Food,REMOVE_DUPLICATE_AUTO,056404ec-1890-4bbd-aa1c-3e293c80ad92,c6a0c982-ec7b-4b8a-8b63-f8ed347c0dcb,"same normalized name and coordinates/address, including high-similarity name variants at same address"
425bf6a7-de09-466e-929f-b3e0999eaf32,Duke's Cafe,Horsham,PA,"Horsham, PA 19044",,,40.143400,-75.115700,Food,REMOVE_DUPLICATE_AUTO,056404ec-1890-4bbd-aa1c-3e293c80ad92,c6a0c982-ec7b-4b8a-8b63-f8ed347c0dcb,"same normalized name and coordinates/address, including high-similarity name variants at same address"
448c2637-d9ca-4fef-ba52-aa3eb0df879c,Duke's Cafe,Horsham,PA,"Horsham, PA 19044",,,40.143400,-75.115700,Food,REMOVE_DUPLICATE_AUTO,056404ec-1890-4bbd-aa1c-3e293c80ad92,c6a0c982-ec7b-4b8a-8b63-f8ed347c0dcb,"same normalized name and coordinates/address, including high-similarity name variants at same address"
4714232f-c7ad-4167-83e6-b2325aaa73b6,Duke's Cafe,Horsham,PA,"Horsham, PA 19044",,,40.143400,-75.115700,Food,REMOVE_DUPLICATE_AUTO,056404ec-1890-4bbd-aa1c-3e293c80ad92,c6a0c982-ec7b-4b8a-8b63-f8ed347c0dcb,"same normalized name and coordinates/address, including high-similarity name variants at same address"
4786ee08-94db-453d-90ba-21f26f2e36cb,Duke's Cafe,Horsham,PA,"Horsham, PA 19044",,,40.143400,-75.115700,Food,REMOVE_DUPLICATE_AUTO,056404ec-1890-4bbd-aa1c-3e293c80ad92,c6a0c982-ec7b-4b8a-8b63-f8ed347c0dcb,"same normalized name and coordinates/address, including high-similarity name variants at same address"
50e83fe7-452a-4977-bd65-6e7fdf06a33a,Duke's Cafe,Horsham,PA,"Horsham, PA 19044",,,40.143400,-75.115700,Food,REMOVE_DUPLICATE_AUTO,056404ec-1890-4bbd-aa1c-3e293c80ad92,c6a0c982-ec7b-4b8a-8b63-f8ed347c0dcb,"same normalized name and coordinates/address, including high-similarity name variants at same address"
51c899fe-a73c-4afa-972f-37089551a8c2,Duke's Cafe,Horsham,PA,"Horsham, PA 19044",,,40.143400,-75.115700,Food,REMOVE_DUPLICATE_AUTO,056404ec-1890-4bbd-aa1c-3e293c80ad92,c6a0c982-ec7b-4b8a-8b63-f8ed347c0dcb,"same normalized name and coordinates/address, including high-similarity name variants at same address"
525ba204-5c44-4dd4-8b40-f1d2b40ca2da,Duke's Cafe,Horsham,PA,"Horsham, PA 19044",,,40.143400,-75.115700,Food,REMOVE_DUPLICATE_AUTO,056404ec-1890-4bbd-aa1c-3e293c80ad92,c6a0c982-ec7b-4b8a-8b63-f8ed347c0dcb,"same normalized name and coordinates/address, including high-similarity name variants at same address"
52e69b90-3df3-4265-91d1-2491cf47d8b4,Duke's Cafe,Horsham,PA,"Horsham, PA 19044",,,40.143400,-75.115700,Food,REMOVE_DUPLICATE_AUTO,056404ec-1890-4bbd-aa1c-3e293c80ad92,c6a0c982-ec7b-4b8a-8b63-f8ed347c0dcb,"same normalized name and coordinates/address, including high-similarity name variants at same address"
536ef401-c76b-4f15-baca-93379ab0a94d,Duke's Cafe,Horsham,PA,"Horsham, PA 19044",,,40.143400,-75.115700,Food,REMOVE_DUPLICATE_AUTO,056404ec-1890-4bbd-aa1c-3e293c80ad92,c6a0c982-ec7b-4b8a-8b63-f8ed347c0dcb,"same normalized name and coordinates/address, including high-similarity name variants at same address"
57abaa4f-34ed-4fcd-a7f0-7b3d37e7d1d6,Duke's Cafe,Horsham,PA,"Horsham, PA 19044",,,40.143400,-75.115700,Food,REMOVE_DUPLICATE_AUTO,056404ec-1890-4bbd-aa1c-3e293c80ad92,c6a0c982-ec7b-4b8a-8b63-f8ed347c0dcb,"same normalized name and coordinates/address, including high-similarity name variants at same address"
5aadd963-7aca-42aa-a38d-1743dfa6fc94,Duke's Cafe,Horsham,PA,"Horsham, PA 19044",,,40.143400,-75.115700,Food,REMOVE_DUPLICATE_AUTO,056404ec-1890-4bbd-aa1c-3e293c80ad92,c6a0c982-ec7b-4b8a-8b63-f8ed347c0dcb,"same normalized name and coordinates/address, including high-similarity name variants at same address"
5b5a11f4-23ef-4294-9e6d-5783f91c6e20,Duke's Cafe,Horsham,PA,"Horsham, PA 19044",,,40.143400,-75.115700,Food,REMOVE_DUPLICATE_AUTO,056404ec-1890-4bbd-aa1c-3e293c80ad92,c6a0c982-ec7b-4b8a-8b63-f8ed347c0dcb,"same normalized name and coordinates/address, including high-similarity name variants at same address"
62a932ac-d6ba-422b-8c29-e4b069d16cab,Duke's Cafe,Horsham,PA,"Horsham, PA 19044",,,40.143400,-75.115700,Food,REMOVE_DUPLICATE_AUTO,056404ec-1890-4bbd-aa1c-3e293c80ad92,c6a0c982-ec7b-4b8a-8b63-f8ed347c0dcb,"same normalized name and coordinates/address, including high-similarity name variants at same address"
65f70e62-4291-4e9a-b057-378d0093b975,Duke's Cafe,Horsham,PA,"Horsham, PA 19044",,,40.143400,-75.115700,Food,REMOVE_DUPLICATE_AUTO,056404ec-1890-4bbd-aa1c-3e293c80ad92,c6a0c982-ec7b-4b8a-8b63-f8ed347c0dcb,"same normalized name and coordinates/address, including high-similarity name variants at same address"
699f4130-c121-4bd6-ae11-4e601db9a6ac,Duke's Cafe,Horsham,PA,"Horsham, PA 19044",,,40.143400,-75.115700,Food,REMOVE_DUPLICATE_AUTO,056404ec-1890-4bbd-aa1c-3e293c80ad92,c6a0c982-ec7b-4b8a-8b63-f8ed347c0dcb,"same normalized name and coordinates/address, including high-similarity name variants at same address"
6a30d527-9e49-4c82-b877-f73ec3b454e6,Duke's Cafe,Horsham,PA,"Horsham, PA 19044",,,40.143400,-75.115700,Food,REMOVE_DUPLICATE_AUTO,056404ec-1890-4bbd-aa1c-3e293c80ad92,c6a0c982-ec7b-4b8a-8b63-f8ed347c0dcb,"same normalized name and coordinates/address, including high-similarity name variants at same address"
6bdbe055-e03d-4231-b875-1ff04379d3b9,Duke's Cafe,Horsham,PA,"Horsham, PA 19044",,,40.143400,-75.115700,Food,REMOVE_DUPLICATE_AUTO,056404ec-1890-4bbd-aa1c-3e293c80ad92,c6a0c982-ec7b-4b8a-8b63-f8ed347c0dcb,"same normalized name and coordinates/address, including high-similarity name variants at same address"
6d65a482-d1d0-4561-9e57-2d0fa5f8d080,Duke's Cafe,Horsham,PA,"Horsham, PA 19044",,,40.143400,-75.115700,Food,REMOVE_DUPLICATE_AUTO,056404ec-1890-4bbd-aa1c-3e293c80ad92,c6a0c982-ec7b-4b8a-8b63-f8ed347c0dcb,"same normalized name and coordinates/address, including high-similarity name variants at same address"
6e96de70-5d0b-47bd-b616-e372bedf0985,Duke's Cafe,Horsham,PA,"Horsham, PA 19044",,,40.143400,-75.115700,Food,REMOVE_DUPLICATE_AUTO,056404ec-1890-4bbd-aa1c-3e293c80ad92,c6a0c982-ec7b-4b8a-8b63-f8ed347c0dcb,"same normalized name and coordinates/address, including high-similarity name variants at same address"
706d5c75-6c82-4c4e-9199-063f898fa14a,Duke's Cafe,Horsham,PA,"Horsham, PA 19044",,,40.143400,-75.115700,Food,REMOVE_DUPLICATE_AUTO,056404ec-1890-4bbd-aa1c-3e293c80ad92,c6a0c982-ec7b-4b8a-8b63-f8ed347c0dcb,"same normalized name and coordinates/address, including high-similarity name variants at same address"
75bb24f0-df3a-4639-8adc-1f7f9f211098,Duke's Cafe,Horsham,PA,"Horsham, PA 19044",,,40.143400,-75.115700,Food,REMOVE_DUPLICATE_AUTO,056404ec-1890-4bbd-aa1c-3e293c80ad92,c6a0c982-ec7b-4b8a-8b63-f8ed347c0dcb,"same normalized name and coordinates/address, including high-similarity name variants at same address"
7a11394b-f00c-4264-ba6a-f8457f84d782,Duke's Cafe,Horsham,PA,"Horsham, PA 19044",,,40.143400,-75.115700,Food,REMOVE_DUPLICATE_AUTO,056404ec-1890-4bbd-aa1c-3e293c80ad92,c6a0c982-ec7b-4b8a-8b63-f8ed347c0dcb,"same normalized name and coordinates/address, including high-similarity name variants at same address"
7f9fdbac-ce5e-4280-8e7f-852e278ce570,Duke's Cafe,Horsham,PA,"Horsham, PA 19044",,,40.143400,-75.115700,Food,REMOVE_DUPLICATE_AUTO,056404ec-1890-4bbd-aa1c-3e293c80ad92,c6a0c982-ec7b-4b8a-8b63-f8ed347c0dcb,"same normalized name and coordinates/address, including high-similarity name variants at same address"
8004aaf9-8925-448b-974c-11aae0ed2551,Duke's Cafe,Horsham,PA,"Horsham, PA 19044",,,40.143400,-75.115700,Food,REMOVE_DUPLICATE_AUTO,056404ec-1890-4bbd-aa1c-3e293c80ad92,c6a0c982-ec7b-4b8a-8b63-f8ed347c0dcb,"same normalized name and coordinates/address, including high-similarity name variants at same address"
8183c47b-2427-4375-bc50-9163aae8e5ef,Duke's Cafe,Horsham,PA,"Horsham, PA 19044",,,40.143400,-75.115700,Food,REMOVE_DUPLICATE_AUTO,056404ec-1890-4bbd-aa1c-3e293c80ad92,c6a0c982-ec7b-4b8a-8b63-f8ed347c0dcb,"same normalized name and coordinates/address, including high-similarity name variants at same address"
87400757-86f7-4d8e-9c9c-c94c32d70443,Duke's Cafe,Horsham,PA,"Horsham, PA 19044",,,40.143400,-75.115700,Food,REMOVE_DUPLICATE_AUTO,056404ec-1890-4bbd-aa1c-3e293c80ad92,c6a0c982-ec7b-4b8a-8b63-f8ed347c0dcb,"same normalized name and coordinates/address, including high-similarity name variants at same address"
8926216f-3dcd-4f41-a007-d4ddc79f3e77,Duke's Cafe,Horsham,PA,"Horsham, PA 19044",,,40.143400,-75.115700,Food,REMOVE_DUPLICATE_AUTO,056404ec-1890-4bbd-aa1c-3e293c80ad92,c6a0c982-ec7b-4b8a-8b63-f8ed347c0dcb,"same normalized name and coordinates/address, including high-similarity name variants at same address"
8d60fa85-22ef-46f7-9a87-1f4a631db3c5,Duke's Cafe,Horsham,PA,"Horsham, PA 19044",,,40.143400,-75.115700,Food,REMOVE_DUPLICATE_AUTO,056404ec-1890-4bbd-aa1c-3e293c80ad92,c6a0c982-ec7b-4b8a-8b63-f8ed347c0dcb,"same normalized name and coordinates/address, including high-similarity name variants at same address"
95702757-dc91-4916-a21a-0885d3911814,Duke's Cafe,Horsham,PA,"Horsham, PA 19044",,,40.143400,-75.115700,Food,REMOVE_DUPLICATE_AUTO,056404ec-1890-4bbd-aa1c-3e293c80ad92,c6a0c982-ec7b-4b8a-8b63-f8ed347c0dcb,"same normalized name and coordinates/address, including high-similarity name variants at same address"
984e8dd0-ed02-4a0f-b044-441120a3f49b,Duke's Cafe,Horsham,PA,"Horsham, PA 19044",,,40.143400,-75.115700,Food,REMOVE_DUPLICATE_AUTO,056404ec-1890-4bbd-aa1c-3e293c80ad92,c6a0c982-ec7b-4b8a-8b63-f8ed347c0dcb,"same normalized name and coordinates/address, including high-similarity name variants at same address"
9932649b-b8f0-4f6f-9962-d2eed2187de9,Duke's Cafe,Horsham,PA,"Horsham, PA 19044",,,40.143400,-75.115700,Food,REMOVE_DUPLICATE_AUTO,056404ec-1890-4bbd-aa1c-3e293c80ad92,c6a0c982-ec7b-4b8a-8b63-f8ed347c0dcb,"same normalized name and coordinates/address, including high-similarity name variants at same address"
a0ad51d1-ef67-4a25-a681-5decd30c115a,Duke's Cafe,Horsham,PA,"Horsham, PA 19044",,,40.143400,-75.115700,Food,REMOVE_DUPLICATE_AUTO,056404ec-1890-4bbd-aa1c-3e293c80ad92,c6a0c982-ec7b-4b8a-8b63-f8ed347c0dcb,"same normalized name and coordinates/address, including high-similarity name variants at same address"
a36163bb-438a-4ba1-a9c0-22c328c0afe4,Duke's Cafe,Horsham,PA,"Horsham, PA 19044",,,40.143400,-75.115700,Food,REMOVE_DUPLICATE_AUTO,056404ec-1890-4bbd-aa1c-3e293c80ad92,c6a0c982-ec7b-4b8a-8b63-f8ed347c0dcb,"same normalized name and coordinates/address, including high-similarity name variants at same address"
a5753e09-f852-4352-8ea6-712a36b7883d,Duke's Cafe,Horsham,PA,"Horsham, PA 19044",,,40.143400,-75.115700,Food,REMOVE_DUPLICATE_AUTO,056404ec-1890-4bbd-aa1c-3e293c80ad92,c6a0c982-ec7b-4b8a-8b63-f8ed347c0dcb,"same normalized name and coordinates/address, including high-similarity name variants at same address"
ae895194-e95c-499d-82bb-71fc441eb2c5,Duke's Cafe,Horsham,PA,"Horsham, PA 19044",,,40.143400,-75.115700,Food,REMOVE_DUPLICATE_AUTO,056404ec-1890-4bbd-aa1c-3e293c80ad92,c6a0c982-ec7b-4b8a-8b63-f8ed347c0dcb,"same normalized name and coordinates/address, including high-similarity name variants at same address"
afa717a5-d258-4280-b485-9ebcfacdf3c8,Duke's Cafe,Horsham,PA,"Horsham, PA 19044",,,40.143400,-75.115700,Food,REMOVE_DUPLICATE_AUTO,056404ec-1890-4bbd-aa1c-3e293c80ad92,c6a0c982-ec7b-4b8a-8b63-f8ed347c0dcb,"same normalized name and coordinates/address, including high-similarity name variants at same address"
b168a938-7ad9-462e-b1e6-a13c7c985287,Duke's Cafe,Horsham,PA,"Horsham, PA 19044",,,40.143400,-75.115700,Food,REMOVE_DUPLICATE_AUTO,056404ec-1890-4bbd-aa1c-3e293c80ad92,c6a0c982-ec7b-4b8a-8b63-f8ed347c0dcb,"same normalized name and coordinates/address, including high-similarity name variants at same address"
b4bb94f7-944a-41c4-9c8e-8e057a121dc8,Duke's Cafe,Horsham,PA,"Horsham, PA 19044",,,40.143400,-75.115700,Food,REMOVE_DUPLICATE_AUTO,056404ec-1890-4bbd-aa1c-3e293c80ad92,c6a0c982-ec7b-4b8a-8b63-f8ed347c0dcb,"same normalized name and coordinates/address, including high-similarity name variants at same address"
b4cc872d-d875-4cf8-94b2-4ef4211ca06f,Duke's Cafe,Horsham,PA,"Horsham, PA 19044",,,40.143400,-75.115700,Food,REMOVE_DUPLICATE_AUTO,056404ec-1890-4bbd-aa1c-3e293c80ad92,c6a0c982-ec7b-4b8a-8b63-f8ed347c0dcb,"same normalized name and coordinates/address, including high-similarity name variants at same address"
b81b8f50-8a8a-4dbf-aee7-c7c73b4d27b7,Duke's Cafe,Horsham,PA,"Horsham, PA 19044",,,40.143400,-75.115700,Food,REMOVE_DUPLICATE_AUTO,056404ec-1890-4bbd-aa1c-3e293c80ad92,c6a0c982-ec7b-4b8a-8b63-f8ed347c0dcb,"same normalized name and coordinates/address, including high-similarity name variants at same address"
b87e9ac4-88b6-421a-a19c-3f5e36790683,Duke's Cafe,Horsham,PA,"Horsham, PA 19044",,,40.143400,-75.115700,Food,REMOVE_DUPLICATE_AUTO,056404ec-1890-4bbd-aa1c-3e293c80ad92,c6a0c982-ec7b-4b8a-8b63-f8ed347c0dcb,"same normalized name and coordinates/address, including high-similarity name variants at same address"
b9299df4-dd83-4e36-ad62-adf9e0591b09,Duke's Cafe,Horsham,PA,"Horsham, PA 19044",,,40.143400,-75.115700,Food,REMOVE_DUPLICATE_AUTO,056404ec-1890-4bbd-aa1c-3e293c80ad92,c6a0c982-ec7b-4b8a-8b63-f8ed347c0dcb,"same normalized name and coordinates/address, including high-similarity name variants at same address"
b92f7869-b266-4e8a-879d-b0c818d6273b,Duke's Cafe,Horsham,PA,"Horsham, PA 19044",,,40.143400,-75.115700,Food,REMOVE_DUPLICATE_AUTO,056404ec-1890-4bbd-aa1c-3e293c80ad92,c6a0c982-ec7b-4b8a-8b63-f8ed347c0dcb,"same normalized name and coordinates/address, including high-similarity name variants at same address"
bc867c14-b7c5-433f-84a1-7149107a4ccc,Duke's Cafe,Horsham,PA,"Horsham, PA 19044",,,40.143400,-75.115700,Food,REMOVE_DUPLICATE_AUTO,056404ec-1890-4bbd-aa1c-3e293c80ad92,c6a0c982-ec7b-4b8a-8b63-f8ed347c0dcb,"same normalized name and coordinates/address, including high-similarity name variants at same address"
bdb362d0-c19b-49e3-ab79-b6a5875981aa,Duke's Cafe,Horsham,PA,"Horsham, PA 19044",,,40.143400,-75.115700,Food,REMOVE_DUPLICATE_AUTO,056404ec-1890-4bbd-aa1c-3e293c80ad92,c6a0c982-ec7b-4b8a-8b63-f8ed347c0dcb,"same normalized name and coordinates/address, including high-similarity name variants at same address"
c294b9b3-16b9-4bc9-af00-fa27e3aba6c7,Duke's Cafe,Horsham,PA,"Horsham, PA 19044",,,40.143400,-75.115700,Food,REMOVE_DUPLICATE_AUTO,056404ec-1890-4bbd-aa1c-3e293c80ad92,c6a0c982-ec7b-4b8a-8b63-f8ed347c0dcb,"same normalized name and coordinates/address, including high-similarity name variants at same address"
c2a2cd6f-788f-484a-bc6c-9b12ff4ee047,Duke's Cafe,Horsham,PA,"Horsham, PA 19044",,,40.143400,-75.115700,Food,REMOVE_DUPLICATE_AUTO,056404ec-1890-4bbd-aa1c-3e293c80ad92,c6a0c982-ec7b-4b8a-8b63-f8ed347c0dcb,"same normalized name and coordinates/address, including high-similarity name variants at same address"
c467876d-19a7-4716-a699-d13c8ccf3d9c,Duke's Cafe,Horsham,PA,"Horsham, PA 19044",,,40.143400,-75.115700,Food,REMOVE_DUPLICATE_AUTO,056404ec-1890-4bbd-aa1c-3e293c80ad92,c6a0c982-ec7b-4b8a-8b63-f8ed347c0dcb,"same normalized name and coordinates/address, including high-similarity name variants at same address"
c699e6d1-51c1-4205-92f4-52b18ab2d58b,Duke's Cafe,Horsham,PA,"Horsham, PA 19044",,,40.143400,-75.115700,Food,REMOVE_DUPLICATE_AUTO,056404ec-1890-4bbd-aa1c-3e293c80ad92,c6a0c982-ec7b-4b8a-8b63-f8ed347c0dcb,"same normalized name and coordinates/address, including high-similarity name variants at same address"
c6a0c982-ec7b-4b8a-8b63-f8ed347c0dcb,Duke's Cafe,Horsham,PA,"Horsham, PA 19044",,,40.143400,-75.115700,Food,REMOVE_DUPLICATE_AUTO,056404ec-1890-4bbd-aa1c-3e293c80ad92,c6a0c982-ec7b-4b8a-8b63-f8ed347c0dcb,"same normalized name and coordinates/address, including high-similarity name variants at same address"
cf975a41-76dd-4632-898d-3f46184124c8,Duke's Cafe,Horsham,PA,"Horsham, PA 19044",,,40.143400,-75.115700,Food,REMOVE_DUPLICATE_AUTO,056404ec-1890-4bbd-aa1c-3e293c80ad92,c6a0c982-ec7b-4b8a-8b63-f8ed347c0dcb,"same normalized name and coordinates/address, including high-similarity name variants at same address"
d1d3f202-c145-4136-a2e6-89ede3a892d3,Duke's Cafe,Horsham,PA,"Horsham, PA 19044",,,40.143400,-75.115700,Food,REMOVE_DUPLICATE_AUTO,056404ec-1890-4bbd-aa1c-3e293c80ad92,c6a0c982-ec7b-4b8a-8b63-f8ed347c0dcb,"same normalized name and coordinates/address, including high-similarity name variants at same address"
d3811252-627f-4f68-9750-a3ac7c5b4865,Duke's Cafe,Horsham,PA,"Horsham, PA 19044",,,40.143400,-75.115700,Food,REMOVE_DUPLICATE_AUTO,056404ec-1890-4bbd-aa1c-3e293c80ad92,c6a0c982-ec7b-4b8a-8b63-f8ed347c0dcb,"same normalized name and coordinates/address, including high-similarity name variants at same address"
d41ce9dc-b644-4880-abe7-0378994e3674,Duke's Cafe,Horsham,PA,"Horsham, PA 19044",,,40.143400,-75.115700,Food,REMOVE_DUPLICATE_AUTO,056404ec-1890-4bbd-aa1c-3e293c80ad92,c6a0c982-ec7b-4b8a-8b63-f8ed347c0dcb,"same normalized name and coordinates/address, including high-similarity name variants at same address"
d538518c-7e10-4824-a62c-e2662784037f,Duke's Cafe,Horsham,PA,"Horsham, PA 19044",,,40.143400,-75.115700,Food,REMOVE_DUPLICATE_AUTO,056404ec-1890-4bbd-aa1c-3e293c80ad92,c6a0c982-ec7b-4b8a-8b63-f8ed347c0dcb,"same normalized name and coordinates/address, including high-similarity name variants at same address"
dcdbf6c2-8c59-486a-9cfc-1bfc4f3201ea,Duke's Cafe,Horsham,PA,"Horsham, PA 19044",,,40.143400,-75.115700,Food,REMOVE_DUPLICATE_AUTO,056404ec-1890-4bbd-aa1c-3e293c80ad92,c6a0c982-ec7b-4b8a-8b63-f8ed347c0dcb,"same normalized name and coordinates/address, including high-similarity name variants at same address"
dfc08f2f-cbbf-4cf0-9d56-958c7d866803,Duke's Cafe,Horsham,PA,"Horsham, PA 19044",,,40.143400,-75.115700,Food,REMOVE_DUPLICATE_AUTO,056404ec-1890-4bbd-aa1c-3e293c80ad92,c6a0c982-ec7b-4b8a-8b63-f8ed347c0dcb,"same normalized name and coordinates/address, including high-similarity name variants at same address"
e00d0236-2faa-4794-b567-a488682f9f3a,Duke's Cafe,Horsham,PA,"Horsham, PA 19044",,,40.143400,-75.115700,Food,REMOVE_DUPLICATE_AUTO,056404ec-1890-4bbd-aa1c-3e293c80ad92,c6a0c982-ec7b-4b8a-8b63-f8ed347c0dcb,"same normalized name and coordinates/address, including high-similarity name variants at same address"
e06eb6ae-444b-437f-99b8-1ea128ec6af5,Duke's Cafe,Horsham,PA,"Horsham, PA 19044",,,40.143400,-75.115700,Food,REMOVE_DUPLICATE_AUTO,056404ec-1890-4bbd-aa1c-3e293c80ad92,c6a0c982-ec7b-4b8a-8b63-f8ed347c0dcb,"same normalized name and coordinates/address, including high-similarity name variants at same address"
e6d6e64e-a561-4f91-9492-d23f98b1baec,Duke's Cafe,Horsham,PA,"Horsham, PA 19044",,,40.143400,-75.115700,Food,REMOVE_DUPLICATE_AUTO,056404ec-1890-4bbd-aa1c-3e293c80ad92,c6a0c982-ec7b-4b8a-8b63-f8ed347c0dcb,"same normalized name and coordinates/address, including high-similarity name variants at same address"
ebc015ac-aca1-4890-9ef4-dd85a0befb67,Duke's Cafe,Horsham,PA,"Horsham, PA 19044",,,40.143400,-75.115700,Food,REMOVE_DUPLICATE_AUTO,056404ec-1890-4bbd-aa1c-3e293c80ad92,c6a0c982-ec7b-4b8a-8b63-f8ed347c0dcb,"same normalized name and coordinates/address, including high-similarity name variants at same address"
ec4656f6-0b0e-4074-97c2-e8ba97ff8385,Duke's Cafe,Horsham,PA,"Horsham, PA 19044",,,40.143400,-75.115700,Food,REMOVE_DUPLICATE_AUTO,056404ec-1890-4bbd-aa1c-3e293c80ad92,c6a0c982-ec7b-4b8a-8b63-f8ed347c0dcb,"same normalized name and coordinates/address, including high-similarity name variants at same address"
ec6039e4-3cb5-4659-ba1f-74a7ab9cc9b7,Duke's Cafe,Willow Grove,PA,Willow Grove area (specific address varies by listing),,,40.143400,-75.115700,Food,REMOVE_DUPLICATE_AUTO,056404ec-1890-4bbd-aa1c-3e293c80ad92,c6a0c982-ec7b-4b8a-8b63-f8ed347c0dcb,"same normalized name and coordinates/address, including high-similarity name variants at same address"
ee34ca93-6a6a-4938-949e-fd1abf0255f5,Duke's Cafe,Horsham,PA,"Horsham, PA 19044",,,40.143400,-75.115700,Food,REMOVE_DUPLICATE_AUTO,056404ec-1890-4bbd-aa1c-3e293c80ad92,c6a0c982-ec7b-4b8a-8b63-f8ed347c0dcb,"same normalized name and coordinates/address, including high-similarity name variants at same address"
ef4c4d37-5366-4dfa-95fe-c18f3c17a1bb,Duke's Cafe,Horsham,PA,"Horsham, PA 19044",,,40.143400,-75.115700,Food,REMOVE_DUPLICATE_AUTO,056404ec-1890-4bbd-aa1c-3e293c80ad92,c6a0c982-ec7b-4b8a-8b63-f8ed347c0dcb,"same normalized name and coordinates/address, including high-similarity name variants at same address"
f1dfb917-984b-42ce-b5a5-b89cc577f176,Duke's Cafe,Horsham,PA,"Horsham, PA 19044",,,40.143400,-75.115700,Food,REMOVE_DUPLICATE_AUTO,056404ec-1890-4bbd-aa1c-3e293c80ad92,c6a0c982-ec7b-4b8a-8b63-f8ed347c0dcb,"same normalized name and coordinates/address, including high-similarity name variants at same address"
f5a5ea7b-32b4-44e0-8be7-e6983a925ccc,Duke's Cafe,Horsham,PA,"Horsham, PA 19044",,,40.143400,-75.115700,Food,REMOVE_DUPLICATE_AUTO,056404ec-1890-4bbd-aa1c-3e293c80ad92,c6a0c982-ec7b-4b8a-8b63-f8ed347c0dcb,"same normalized name and coordinates/address, including high-similarity name variants at same address"
fd791758-db7f-4367-831f-cbb46044b2cb,Duke's Cafe,Horsham,PA,"Horsham, PA 19044",,,40.143400,-75.115700,Food,REMOVE_DUPLICATE_AUTO,056404ec-1890-4bbd-aa1c-3e293c80ad92,c6a0c982-ec7b-4b8a-8b63-f8ed347c0dcb,"same normalized name and coordinates/address, including high-similarity name variants at same address"
ff96324a-a997-4d42-ae5d-b3add5b7838a,Duke's Cafe,Horsham,PA,"Horsham, PA 19044",,,40.143400,-75.115700,Food,REMOVE_DUPLICATE_AUTO,056404ec-1890-4bbd-aa1c-3e293c80ad92,c6a0c982-ec7b-4b8a-8b63-f8ed347c0dcb,"same normalized name and coordinates/address, including high-similarity name variants at same address"
a6e09d44-c4cc-4a55-ac42-0524ad079fea,National Civil Rights Museum at the Lorraine Motel,Memphis,TN,450 Mulberry St,https://civilrightsmuseum.org,,35.134000,-90.057700,Arts & Culture,KEEP_CANONICAL,a6e09d44-c4cc-4a55-ac42-0524ad079fea,d1001e39-7b1f-446d-9007-0260939c0067,"same normalized name and coordinates/address, including high-similarity name variants at same address"
d1001e39-7b1f-446d-9007-0260939c0067,National Civil Rights Museum at Lorraine Motel,Memphis,TN,450 Mulberry St,,,35.134200,-90.059400,Arts & Culture,REMOVE_DUPLICATE_AUTO,a6e09d44-c4cc-4a55-ac42-0524ad079fea,d1001e39-7b1f-446d-9007-0260939c0067,"same normalized name and coordinates/address, including high-similarity name variants at same address"
d20dc8e0-2ac7-42de-a657-1aa0e5576b11,National Memorial for Peace and Justice,Montgomery,AL,417 Caroline St,https://museumandmemorial.eji.org,,32.383200,-86.312800,Arts & Culture,KEEP_CANONICAL,d20dc8e0-2ac7-42de-a657-1aa0e5576b11,d20dc8e0-2ac7-42de-a657-1aa0e5576b11,"same normalized name and coordinates/address, including high-similarity name variants at same address"
4893139f-511e-4412-af72-77bcf0f159dc,National Memorial for Peace and Justice — EJI,Montgomery,AL,417 Caroline St,,,32.367800,-86.301800,Arts & Culture,REMOVE_DUPLICATE_AUTO,d20dc8e0-2ac7-42de-a657-1aa0e5576b11,d20dc8e0-2ac7-42de-a657-1aa0e5576b11,"same normalized name and coordinates/address, including high-similarity name variants at same address"
d9b40522-5887-4475-b197-d5fc69aaf597,National Museum of African American History and Culture,Washington,DC,1400 Constitution Ave NW,https://nmaahc.si.edu,,38.891300,-77.032200,Arts & Culture,KEEP_CANONICAL,d9b40522-5887-4475-b197-d5fc69aaf597,d9b40522-5887-4475-b197-d5fc69aaf597,"same normalized name and coordinates/address, including high-similarity name variants at same address"
6713556a-e66c-4c1a-8d15-1a1b1c7d71ea,National Museum of African American History & Culture,Washington,DC,1400 Constitution Ave NW,,,38.891300,-77.031700,Arts & Culture,REMOVE_DUPLICATE_AUTO,d9b40522-5887-4475-b197-d5fc69aaf597,d9b40522-5887-4475-b197-d5fc69aaf597,"same normalized name and coordinates/address, including high-similarity name variants at same address"
d6789c0a-c678-4d86-8014-03c347008f83,Busy Bee Cafe,Atlanta,GA,"810 Martin Luther King Jr Dr SW, Atlanta, GA 30314",,,33.749000,-84.388000,Food,MANUAL_REVIEW,,busy bee cafe|atlanta|ga,same normalized name and city/state but different location evidence
771b7789-00f8-4163-91f7-82d5bb04bb65,Busy Bee Café,Atlanta,GA,810 Martin Luther King Jr Dr SW,https://thebusybeecafe.com,,33.750100,-84.412900,Food,MANUAL_REVIEW,,busy bee cafe|atlanta|ga,same normalized name and city/state but different location evidence
0f331f0d-917d-4eb4-be84-c852aa237a65,Mrs. White's Golden Rule Cafe,Phoenix,AZ,Downtown Phoenix,,,33.448400,-112.074000,Food,MANUAL_REVIEW,,mrs white s golden rule cafe|phoenix|az,same normalized name and city/state but different location evidence
7d447753-7eeb-46aa-9b71-dc89aef4f28a,Mrs. White's Golden Rule Café,Phoenix,AZ,808 E Jefferson St,,,33.443700,-112.064800,Food,MANUAL_REVIEW,,mrs white s golden rule cafe|phoenix|az,same normalized name and city/state but different location evidence
9816d35e-06c4-450f-a430-70c96cc2ccd1,Roscoe's House of Chicken & Waffles,Los Angeles,CA,1514 N Gower St,,,34.098900,-118.327100,Food,MANUAL_REVIEW,,roscoe s house of chicken waffles|los angeles|ca,same normalized name and city/state but different location evidence
21091f4c-a545-4031-bcf5-88693acce89c,Roscoe's House of Chicken & Waffles,Los Angeles,CA,1518 N Gower St,,,34.098500,-118.326200,Food,MANUAL_REVIEW,,roscoe s house of chicken waffles|los angeles|ca,same normalized name and city/state but different location evidence
3fccfabe-9685-4728-aa66-959a0db297cd,Scotchies Jerk Centre — Kingston,Kingston,,"Shop 7, Sovereign Centre, Hope Rd",,,17.987600,-76.770700,Food,MANUAL_REVIEW,,scotchies jerk centre kingston|kingston|,same normalized name and city/state but different location evidence
c5f3eb48-d233-4b12-9383-e949d94ce02c,Scotchies Jerk Centre Kingston,Kingston,,130 E Kings House Rd,https://scotchiesjamaica.com,,18.005300,-76.767600,Food,MANUAL_REVIEW,,scotchies jerk centre kingston|kingston|,same normalized name and city/state but different location evidence
